,每日结余_小帅,每日结余_小美,每日结余_老王,每日结余_大胖,财富累计_小帅,财富累计_小美,财富累计_老王,财富累计_大胖
2018-01-01,24.08215071575314,-80.2305523907231,19.605361127056895,227.63525277121315,5024.082150715753,4919.7694476092765,5019.605361127057,5227.635252771213
2018-01-02,-116.06425604689996,-60.72285041032427,-51.34909331276989,-3.381154300107869,4908.017894668853,4859.046597198952,4968.256267814287,5224.254098471105
2018-01-03,159.53403850926244,-179.32157296284996,-69.87664890529356,-94.17092350643077,5067.551933178116,4679.725024236102,4898.3796189089935,5130.083174964674
2018-01-04,-116.86056982040888,15.178428876308022,-93.11117556441027,137.13678973878513,4950.691363357707,4694.903453112411,4805.268443344583,5267.2199647034595
2018-01-05,-71.55549973219728,-34.043281316750374,-72.71965416573704,33.796541432196,4879.135863625509,4660.86017179566,4732.548789178846,5301.016506135656
2018-01-06,83.48045376283922,-15.59164414742464,-5.246868860570978,5.677255291153269,4962.616317388349,4645.268527648235,4727.301920318275,5306.693761426809
2018-01-07,116.11493138236926,1.3755246528149456,9.18176222210931,-49.06288630145854,5078.731248770718,4646.644052301051,4736.4836825403845,5257.63087512535
2018-01-08,-55.09279145991094,-63.56726867322049,26.77253180171898,-110.11606085042334,5023.638457310807,4583.07678362783,4763.256214342104,5147.514814274927
2018-01-09,-50.73688538191925,177.11057607913264,51.810239419337776,121.9550919598986,4972.901571928888,4760.1873597069625,4815.066453761441,5269.469906234825
2018-01-10,-0.10772222509575488,-66.07238592818727,-58.528909651975106,-6.368355080721022,4972.793849703792,4694.1149737787755,4756.537544109466,5263.1015511541045
2018-01-11,6.183526077376012,122.55264419550977,-80.6874371162626,-58.15324960889334,4978.977375781168,4816.667617974285,4675.850106993204,5204.9483015452115
2018-01-12,-22.067068757302437,6.434735235884906,-169.39068438139014,-35.65498253867194,4956.910307023865,4823.10235321017,4506.459422611813,5169.29331900654
2018-01-13,13.986352747623215,88.92544095655134,-65.0475110792055,-65.67122834758902,4970.896659771489,4912.027794166722,4441.4119115326075,5103.622090658951
2018-01-14,30.090170453778526,145.32055595659952,3.192482432676788,-238.69968594639013,5000.986830225267,5057.348350123321,4444.6043939652845,4864.92240471256
2018-01-15,339.2709634026179,72.42544734259224,-67.75166103552162,2.6765966707176396,5340.257793627885,5129.773797465913,4376.852732929763,4867.599001383278
2018-01-16,10.834648583930386,-64.03043215009718,-135.9075231915972,16.08750846626698,5351.092442211816,5065.743365315816,4240.945209738165,4883.686509849545
2018-01-17,-84.69550474426015,-20.48285288229107,82.30256577509684,-196.44535920706954,5266.396937467555,5045.260512433525,4323.247775513262,4687.241150642475
2018-01-18,-161.74709094832872,117.22225659533207,135.76235862427177,-24.375201307192622,5104.649846519227,5162.482769028857,4459.010134137535,4662.8659493352825
2018-01-19,47.9900187542436,-56.51998021472339,97.70475190229101,4.550470924942739,5152.639865273471,5105.962788814134,4556.714886039826,4667.416420260225
2018-01-20,-91.39152317502813,96.34419708275807,-124.89463919463711,-88.49601805244355,5061.248342098443,5202.306985896892,4431.820246845188,4578.920402207782
2018-01-21,-185.1082777654562,-166.11843881471674,-79.61048511265993,-245.44123845228336,4876.140064332986,5036.188547082175,4352.209761732529,4333.479163755498
2018-01-22,-252.39313888265187,-88.93809378242673,-74.53310286711238,26.619461665137557,4623.746925450334,4947.250453299748,4277.676658865416,4360.098625420636
2018-01-23,135.93916908601864,-76.37790082609982,43.8595905709293,-5.859749659852389,4759.686094536353,4870.872552473648,4321.536249436345,4354.238875760783
2018-01-24,185.91552854793002,16.054958816400934,41.893895467738204,-18.88304848138092,4945.601623084283,4886.92751129005,4363.430144904083,4335.355827279403
2018-01-25,13.875241665437821,21.00944651807452,56.12937491364649,-149.43709821829108,4959.47686474972,4907.936957808124,4419.55951981773,4185.918729061112
2018-01-26,-327.0431046942187,-118.08615910923388,-116.7374021677094,-81.74081386140931,4632.433760055502,4789.85079869889,4302.822117650021,4104.1779151997025
2018-01-27,-94.39072685909412,-152.1980386723307,91.60783612614813,90.05863049933401,4538.043033196408,4637.652760026559,4394.429953776169,4194.2365456990365
2018-01-28,118.9557216559004,33.39784312224733,-7.494995091941741,-59.055874535586206,4656.998754852309,4671.050603148807,4386.934958684227,4135.18067116345
2018-01-29,59.32293267855736,41.47860296314142,-101.53122163647994,-18.74875686827531,4716.321687530865,4712.529206111948,4285.403737047747,4116.4319142951745
2018-01-30,-13.10523717453657,138.5467249309223,-26.75869723083066,129.61828028788668,4703.216450356329,4851.07593104287,4258.645039816916,4246.050194583061
2018-01-31,22.81312682092567,135.50020717269734,-5.357050793529421,-71.50559449525191,4726.029577177254,4986.576138215568,4253.287989023387,4174.544600087809
2018-02-01,-40.547043967664095,-74.34312223661296,-179.9701005238767,8.111186941597628,4685.482533209591,4912.233015978954,4073.3178884995104,4182.655787029407
2018-02-02,-253.25033614156268,84.21567977699142,114.91284722208866,183.94893909998257,4432.232197068028,4996.448695755947,4188.230735721599,4366.60472612939
2018-02-03,-42.95408945980797,63.68950236445063,-14.786502279311811,94.67316345458133,4389.27810760822,5060.138198120397,4173.444233442287,4461.277889583971
2018-02-04,-81.92011549462211,-3.6908759937689077,-25.158713850616067,195.74763794077992,4307.357992113598,5056.447322126628,4148.285519591671,4657.025527524751
2018-02-05,28.023664788478037,6.825244263271892,23.284375925553313,-134.6692078301779,4335.381656902076,5063.2725663899,4171.569895517225,4522.356319694573
2018-02-06,14.02857163967999,80.49870290737375,58.33552928059602,97.40147760287742,4349.410228541756,5143.771269297274,4229.90542479782,4619.75779729745
2018-02-07,-31.635777451387515,15.185920605086531,-74.10710980284414,97.68130093541902,4317.7744510903685,5158.95718990236,4155.798314994976,4717.43909823287
2018-02-08,78.81009360589604,217.39147454481045,32.52196576947111,172.01305913049873,4396.584544696265,5376.34866444717,4188.3202807644475,4889.452157363368
2018-02-09,31.963123554902385,210.19200643656038,136.74738423945874,37.62829632301422,4428.547668251167,5586.540670883731,4325.067665003906,4927.0804536863825
2018-02-10,121.49879259742092,-141.85319891051626,3.2518282187567036,-53.154703954687186,4550.046460848587,5444.687471973215,4328.3194932226625,4873.925749731695
2018-02-11,-29.24274377969341,50.4783349102636,-0.9067173403278297,37.64739176863274,4520.803717068894,5495.165806883479,4327.412775882335,4911.573141500328
2018-02-12,73.2010230905034,-171.42863025155316,71.87533614631127,70.37345502954958,4594.004740159397,5323.737176631925,4399.2881120286465,4981.946596529878
2018-02-13,-23.67046370970904,-10.509432976565607,-108.91290505492601,-198.17916972191213,4570.334276449688,5313.2277436553595,4290.37520697372,4783.767426807965
2018-02-14,-29.075300829780254,55.27770876936954,26.17440933825148,135.71665217437433,4541.258975619909,5368.505452424729,4316.5496163119715,4919.484078982339
2018-02-15,-191.05923595473715,25.37669390632355,-30.19077792506627,-45.074505303203644,4350.199739665171,5393.882146331052,4286.3588383869055,4874.409573679136
2018-02-16,7.191483009014893,179.14606740239566,47.96604136648343,-98.74612697363605,4357.391222674186,5573.028213733448,4334.324879753389,4775.6634467055
2018-02-17,148.24679866599254,98.92681307335583,-20.37778869075373,-15.940992863689893,4505.638021340179,5671.955026806804,4313.947091062635,4759.72245384181
2018-02-18,-31.355327862680856,-38.59545440904274,200.4491717904276,-151.9758593966475,4474.282693477498,5633.359572397761,4514.396262853063,4607.746594445162
2018-02-19,-10.414937779163056,13.264718142088755,220.03559803632515,170.6767762045665,4463.867755698335,5646.62429053985,4734.431860889388,4778.423370649729
2018-02-20,150.1091132759896,52.536159864191156,38.6656057365418,86.68654278858399,4613.976868974324,5699.1604504040415,4773.09746662593,4865.109913438313
2018-02-21,-82.3895972464859,92.27303859824241,83.99507351269104,108.39856095056075,4531.587271727838,5791.433489002284,4857.09254013862,4973.508474388874
2018-02-22,13.612312899742923,-157.53897402084198,-119.12318890460247,33.78603983040531,4545.199584627581,5633.894514981442,4737.969351234018,5007.294514219279
2018-02-23,-176.80662091971934,-21.48493672936639,13.597004336756562,30.43890658679713,4368.392963707862,5612.409578252075,4751.566355570775,5037.7334208060765
2018-02-24,125.33426898753537,33.73336924991796,196.00306964315038,108.9439493064134,4493.727232695397,5646.142947501993,4947.569425213926,5146.677370112489
2018-02-25,-53.8502501066496,-14.677087910483335,7.836276475222816,-62.505869547511224,4439.8769825887475,5631.46585959151,4955.405701689148,5084.1715005649785
2018-02-26,45.72196465879605,36.61392146373244,-153.6030499552456,195.47136505631215,4485.598947247544,5668.079781055242,4801.802651733902,5279.64286562129
2018-02-27,-49.390866191193716,4.844799734418574,66.90644346698124,-81.83200225433157,4436.20808105635,5672.9245807896605,4868.709095200884,5197.810863366959
2018-02-28,-24.78359629150897,28.695095703789057,105.04179400274658,25.840726394030288,4411.4244847648415,5701.61967649345,4973.75088920363,5223.65158976099
2018-03-01,-69.92128479411029,222.85025425142405,-149.95623505935777,84.58135656717498,4341.503199970731,5924.469930744874,4823.7946541442725,5308.232946328164
2018-03-02,4.32298275864687,-141.40923421155554,-24.662751355578656,-15.15440945763783,4345.826182729377,5783.060696533318,4799.131902788694,5293.0785368705265
2018-03-03,-59.00430722758958,-60.2214247549378,-112.27070694664118,34.974158440943604,4286.821875501788,5722.839271778381,4686.861195842052,5328.05269531147
2018-03-04,-188.11562745034038,101.36859240609888,41.65531639987519,-103.43563721644684,4098.706248051448,5824.207864184479,4728.516512241928,5224.617058095023
2018-03-05,128.298069777119,-86.50935817461679,-117.57221317376174,158.66066041529675,4227.004317828567,5737.698506009863,4610.944299068166,5383.2777185103205
2018-03-06,-13.62397637383138,-36.52937146333287,49.08736904229728,-117.41891323815976,4213.380341454736,5701.16913454653,4660.031668110463,5265.858805272161
2018-03-07,-16.74285612394309,123.6140521225421,-21.478929236564674,-112.39037151607707,4196.6374853307925,5824.783186669072,4638.552738873898,5153.468433756083
2018-03-08,-18.342020915536583,62.19924610719206,-34.86048365056828,-103.7991712261843,4178.295464415256,5886.982432776264,4603.69225522333,5049.669262529899
2018-03-09,158.19865496085615,39.21586105359599,-97.38742817819153,-130.44045521788138,4336.4941193761115,5926.19829382986,4506.304827045139,4919.228807312017
2018-03-10,108.60344171015845,121.1710321211779,124.75637735288896,-46.46149667108182,4445.09756108627,6047.369325951038,4631.061204398028,4872.767310640936
2018-03-11,92.0559687959826,178.39058014642663,-133.219952223034,5.993647897093087,4537.153529882253,6225.759906097464,4497.841252174994,4878.760958538029
2018-03-12,-53.71028433077555,-42.49355431378601,118.77941070290512,17.83084959747571,4483.443245551477,6183.266351783679,4616.620662877899,4896.591808135505
2018-03-13,140.17731905320085,-39.50377063173568,-52.148206154733266,-5.5207565547266775,4623.620564604678,6143.762581151943,4564.472456723166,4891.071051580778
2018-03-14,62.769776463443726,161.6145536017712,31.239622735652578,51.3654268176723,4686.390341068121,6305.377134753714,4595.712079458818,4942.43647839845
2018-03-15,-66.28734261783889,162.06731162355058,36.89704381572224,-78.64986118296372,4620.102998450283,6467.444446377264,4632.60912327454,4863.786617215486
2018-03-16,195.93371520799275,23.601657473246657,-44.34406833664918,-106.69107265440327,4816.036713658275,6491.046103850511,4588.265054937891,4757.095544561083
2018-03-17,54.305304181996284,121.17776497365851,-20.88511674538698,6.618489198243255,4870.342017840272,6612.22386882417,4567.379938192505,4763.714033759326
2018-03-18,-75.96537238545044,32.14688636748831,-100.8194301977303,105.49437115644207,4794.376645454821,6644.370755191658,4466.5605079947745,4869.208404915768
2018-03-19,46.55919644313497,-84.13262361381261,-23.862135842923337,118.05299494269886,4840.935841897956,6560.238131577846,4442.698372151851,4987.2613998584675
2018-03-20,10.894292032961648,2.1594775377139066,57.06716908356905,63.04543961107096,4851.830133930918,6562.397609115559,4499.76554123542,5050.306839469538
2018-03-21,16.728986365458624,69.75007203889699,-19.142815679690848,77.18857585851492,4868.559120296377,6632.147681154456,4480.622725555729,5127.495415328053
2018-03-22,-7.717009430803179,3.529102492572606,70.1856967490204,-129.66354494127194,4860.842110865574,6635.676783647029,4550.808422304749,4997.831870386782
2018-03-23,-5.569494177020973,-89.96768730180672,117.58781394181936,126.56288024838196,4855.272616688552,6545.709096345222,4668.396236246569,5124.394750635163
2018-03-24,57.17859713668306,-61.96818470146779,14.781349612506151,-54.00882179155775,4912.451213825236,6483.740911643754,4683.1775858590745,5070.385928843605
2018-03-25,123.54608555688323,-182.1384239583364,-3.514845028917423,-206.72968668254876,5035.997299382119,6301.602487685417,4679.662740830157,4863.656242161057
2018-03-26,-175.1328327350582,241.7789253735931,66.01516140954374,51.36878044853999,4860.864466647061,6543.381413059011,4745.677902239701,4915.025022609597
2018-03-27,-43.617758074655534,-140.56636249316088,-102.89098989642089,15.179030000305339,4817.246708572406,6402.8150505658505,4642.78691234328,4930.204052609902
2018-03-28,14.03293810545595,-20.843672929428177,-47.56777530998846,-123.07631575933706,4831.279646677861,6381.971377636422,4595.219137033292,4807.127736850565
2018-03-29,13.292980507696555,178.03809335270668,17.412623220856688,70.75437720646957,4844.572627185557,6560.009470989129,4612.6317602541485,4877.882114057034
2018-03-30,-53.377787306043125,-2.6773946933706743,-181.88405716718344,19.658262085315332,4791.194839879515,6557.332076295758,4430.747703086965,4897.5403761423495
2018-03-31,-140.03040886718367,143.5196888111331,111.95104898228854,-92.52242781421793,4651.164431012331,6700.851765106891,4542.698752069254,4805.017948328132
2018-04-01,186.08180515444226,-56.11433494699101,-4.062763337520853,-179.31339955158072,4837.246236166773,6644.7374301599,4538.635988731733,4625.704548776552
2018-04-02,167.66228020759445,31.23647180540503,-157.87256927985155,-52.8845909286531,5004.9085163743675,6675.973901965305,4380.763419451881,4572.819957847898
2018-04-03,-17.305880836164633,18.653374658216595,42.99781638201193,-114.95912224884765,4987.602635538203,6694.6272766235215,4423.761235833893,4457.860835599051
2018-04-04,4.473210135183512,-78.3722197858181,-64.19362025572511,-32.37384794693284,4992.0758456733865,6616.255056837704,4359.5676155781675,4425.486987652118
2018-04-05,15.530927391028301,58.99939617151657,203.93023010087745,-73.204801701323,5007.6067730644145,6675.25445300922,4563.497845679045,4352.282185950795
2018-04-06,60.016606346742876,-59.912449670412514,10.677253837723203,51.597299268757865,5067.623379411158,6615.342003338807,4574.175099516769,4403.879485219552
2018-04-07,92.77655592330302,-31.954452262528687,24.23609035151944,90.12888993017118,5160.399935334461,6583.387551076279,4598.411189868288,4494.008375149724
2018-04-08,114.77784707458127,-36.29643666973023,-5.555491354032126,42.10720620512422,5275.177782409042,6547.0911144065485,4592.855698514256,4536.115581354848
2018-04-09,-170.84605778769176,-180.5975881713686,-68.15990674165157,110.61870622420655,5104.33172462135,6366.49352623518,4524.695791772604,4646.734287579055
2018-04-10,169.34817988894605,95.91458393058875,-288.08621985019784,66.69946553300707,5273.679904510296,6462.408110165768,4236.609571922407,4713.433753112062
2018-04-11,33.52738228700401,-171.42356179473651,111.87621685194978,-56.954742226045965,5307.2072867973,6290.984548371032,4348.4857887743565,4656.479010886015
2018-04-12,67.61963186785358,80.23144358504753,43.109791533150215,58.65335824659182,5374.826918665154,6371.21599195608,4391.595580307507,4715.132369132607
2018-04-13,-95.68441877690262,-56.5489187704323,-25.445546409715043,88.64962872889197,5279.142499888251,6314.6670731856475,4366.150033897791,4803.781997861499
2018-04-14,60.694994169810656,21.296839973214883,25.483223108721013,-113.3141856522835,5339.837494058062,6335.963913158863,4391.633257006512,4690.4678122092155
2018-04-15,-94.20247509795684,-138.9200171031281,-19.41988633622171,-11.451810233049855,5245.635018960105,6197.043896055735,4372.213370670291,4679.016001976166
2018-04-16,50.15382614295737,112.55010081288239,-11.779777398818966,-35.9759112577391,5295.788845103062,6309.593996868617,4360.433593271472,4643.040090718427
2018-04-17,7.429364034844618,81.77502161583203,85.2705899493075,84.5311030444388,5303.218209137907,6391.369018484449,4445.70418322078,4727.571193762866
2018-04-18,84.49035256200642,-32.71841411345581,-179.88732805945128,-122.94906952440436,5387.708561699914,6358.650604370993,4265.816855161328,4604.622124238462
2018-04-19,-88.71434717477837,-78.0097614265915,-18.094401027778858,51.499871568066915,5298.994214525135,6280.640842944402,4247.722454133549,4656.1219958065285
2018-04-20,58.125556325648354,63.44603144589044,98.30392561885229,67.61194562732237,5357.119770850783,6344.086874390292,4346.026379752401,4723.73394143385
2018-04-21,-99.36976421557345,69.26754932853322,99.59368182540935,45.347341371082884,5257.7500066352095,6413.354423718825,4445.620061577811,4769.081282804934
2018-04-22,83.03443163433,56.05663894222096,-29.54072663893832,-12.05127225360955,5340.78443826954,6469.411062661046,4416.079334938872,4757.030010551324
2018-04-23,2.8676750996139835,4.763382764307061,-34.26584101000772,192.59457356862825,5343.652113369154,6474.174445425353,4381.813493928865,4949.6245841199525
2018-04-24,32.41074839786774,-5.141381232177187,-47.79554369253373,49.344502162461346,5376.062861767022,6469.033064193176,4334.017950236331,4998.969086282414
2018-04-25,-37.11444611973087,-135.23206839488694,92.54801274921056,-51.906686253857345,5338.948415647291,6333.8009957982895,4426.565962985542,4947.062400028556
2018-04-26,-128.59052447750494,-118.67595900428825,-52.8471380099075,89.56950974740693,5210.357891169786,6215.125036794001,4373.718824975634,5036.631909775963
2018-04-27,127.8375725993906,-22.401498290292494,-20.35390286357688,34.47948416722823,5338.195463769176,6192.723538503709,4353.364922112057,5071.111393943192
2018-04-28,116.3002587786476,21.65592873903515,-229.12089152964813,51.79046838006221,5454.495722547824,6214.379467242744,4124.244030582409,5122.901862323253
2018-04-29,30.700005578923513,40.22125765611595,-80.65259353991283,-29.97704154180546,5485.195728126748,6254.60072489886,4043.591437042496,5092.924820781448
2018-04-30,-56.56838408316492,-83.21693264417077,-27.549181572270697,-154.08573207978705,5428.6273440435825,6171.383792254689,4016.0422554702254,4938.839088701661
2018-05-01,-89.58886205019968,-3.1072388475169332,41.272411272956866,60.058788928012184,5339.038481993383,6168.276553407172,4057.3146667431824,4998.8978776296735
2018-05-02,-124.51616122233116,-127.42098149132542,66.55722589731603,92.13974161153514,5214.522320771051,6040.855571915847,4123.871892640498,5091.037619241209
2018-05-03,-3.042313267742408,112.89401010085103,-29.49266730098235,-140.6842323442517,5211.480007503309,6153.749582016698,4094.379225339516,4950.353386896957
2018-05-04,-45.70047880561508,142.9479788016622,104.36657876195392,17.13677937794742,5165.779528697694,6296.69756081836,4198.74580410147,4967.490166274904
2018-05-05,200.97128173924025,-60.39510114159323,-171.2402347273181,56.422583151722826,5366.750810436934,6236.302459676766,4027.505569374152,5023.912749426627
2018-05-06,171.0000181076035,-119.66208872456178,118.05057587928263,120.97751181421408,5537.750828544538,6116.640370952206,4145.556145253435,5144.890261240841
2018-05-07,38.27063049145619,197.46678680274684,89.00577325255585,9.976043293712754,5576.021459035994,6314.107157754952,4234.56191850599,5154.866304534554
2018-05-08,-86.06070101826751,50.78352242360084,19.819359787709487,227.3704891940398,5489.960758017727,6364.890680178552,4254.3812782937,5382.2367937285935
2018-05-09,-74.4611276776973,23.362824055509464,82.07285010197029,55.66507547023881,5415.499630340029,6388.253504234062,4336.45412839567,5437.901869198832
2018-05-10,-85.26962839310936,-35.99876032202269,-269.7129372490197,85.35452426825441,5330.23000194692,6352.254743912039,4066.7411911466506,5523.256393467087
2018-05-11,-3.7137150281096827,-135.1813495793428,-13.956306602305316,-36.760233903713974,5326.516286918811,6217.073394332697,4052.784884544345,5486.496159563373
2018-05-12,-149.1697318642396,-112.93453012569536,-16.300903282112614,-42.21078694256672,5177.346555054571,6104.1388642070015,4036.4839812622326,5444.285372620806
2018-05-13,-94.41218735127558,232.2254391075003,-160.07266304501147,181.93997365240932,5082.934367703295,6336.364303314502,3876.4113182172214,5626.225346273215
2018-05-14,50.8962688552616,67.8493976912438,19.590166225590405,47.064529329643364,5133.830636558557,6404.213701005745,3896.0014844428115,5673.289875602859
2018-05-15,-88.98001377135124,-43.556662650405364,25.585826245184634,78.78646771461844,5044.850622787206,6360.65703835534,3921.5873106879963,5752.076343317477
2018-05-16,22.725511850910564,93.88071659670065,200.3958206014853,144.1837797062862,5067.576134638116,6454.537754952041,4121.983131289481,5896.260123023763
2018-05-17,132.2700617449002,-208.03035586634024,41.58716224354587,-133.4757478523544,5199.846196383016,6246.507399085701,4163.570293533027,5762.784375171409
2018-05-18,56.013306239820906,55.99120732092954,-113.87371363989351,-164.057597434064,5255.859502622838,6302.498606406631,4049.6965798931337,5598.726777737345
2018-05-19,-5.2214698875029475,13.520826401953261,-170.82151238314384,-22.370388747023558,5250.6380327353345,6316.019432808584,3878.87506750999,5576.356388990322
2018-05-20,-66.68670563042642,-97.67638253362657,-1.564960751829534,-120.23667849311819,5183.951327104908,6218.343050274957,3877.31010675816,5456.119710497203
2018-05-21,-52.299180584966265,22.037335981695986,87.15876857645407,-184.8927987411487,5131.652146519941,6240.380386256653,3964.4688753346145,5271.2269117560545
2018-05-22,-83.19675826643594,-54.14704620948263,-25.811604197068476,72.67078349098072,5048.455388253506,6186.233340047171,3938.657271137546,5343.897695247036
2018-05-23,-151.21050952318095,-14.737003198759997,-43.8462562273922,-200.38758315537692,4897.244878730325,6171.4963368484105,3894.811014910154,5143.510112091659
2018-05-24,-72.62576247879826,-241.02704817451857,71.4426713892783,-24.768193535040865,4824.619116251526,5930.469288673892,3966.253686299432,5118.741918556618
2018-05-25,-2.360637652574172,6.470568932480693,179.5340604829259,64.33623907227238,4822.258478598952,5936.939857606372,4145.787746782358,5183.07815762889
2018-05-26,-33.06302908006209,143.05164446537745,-80.3892300898468,-66.26080242276544,4789.19544951889,6079.99150207175,4065.3985166925113,5116.817355206124
2018-05-27,142.1906104854248,-166.61484089742734,78.28132461192205,-121.8655294599718,4931.386060004315,5913.376661174322,4143.6798413044335,4994.951825746153
2018-05-28,-41.00884716079534,82.12459017922521,-4.823787069109974,184.56409969969735,4890.377212843519,5995.501251353548,4138.856054235323,5179.51592544585
2018-05-29,-54.14245720202741,-85.296709306031,19.275464381795306,-233.32410713181423,4836.2347556414925,5910.204542047517,4158.131518617119,4946.191818314036
2018-05-30,40.17835467517315,-34.21777520744421,189.137951685086,174.8518234651798,4876.413110316666,5875.986766840073,4347.269470302205,5121.043641779216
2018-05-31,-183.36184086845952,270.71849767363506,-131.23735613828973,-132.73284938122728,4693.051269448206,6146.705264513707,4216.032114163915,4988.310792397989
2018-06-01,-75.92635304419632,-23.452054370424356,35.70586317479703,-61.15551369668225,4617.124916404009,6123.2532101432835,4251.737977338712,4927.155278701306
2018-06-02,147.95277483325427,-6.948697966311197,-34.15285935914692,-36.11365300465877,4765.077691237264,6116.304512176972,4217.585117979565,4891.041625696647
2018-06-03,15.436690120725311,121.14686593432111,122.09412460996344,-95.89412237721575,4780.514381357989,6237.451378111293,4339.679242589529,4795.147503319432
2018-06-04,-190.41214124124164,-17.142011510828958,9.413397514005872,175.59500105095432,4590.102240116747,6220.309366600464,4349.092640103535,4970.742504370386
2018-06-05,-5.035607758496825,-15.651541342506345,25.801200798299046,-53.909728596129305,4585.066632358251,6204.657825257958,4374.893840901834,4916.832775774256
2018-06-06,11.311837059915472,-73.28152002100427,-44.40553166670384,21.91394454878635,4596.378469418166,6131.376305236954,4330.48830923513,4938.7467203230435
2018-06-07,-156.20659191148613,-46.24989858321886,-3.790459448656213,23.803960719630997,4440.17187750668,6085.126406653735,4326.697849786474,4962.550681042674
2018-06-08,78.49514933986804,-33.18257821839336,-88.24448464844323,-39.72573663603162,4518.667026846548,6051.943828435342,4238.453365138031,4922.824944406642
2018-06-09,-89.8257071789208,75.132846781615,20.341143667004193,-199.19159807267332,4428.841319667627,6127.076675216957,4258.794508805035,4723.633346333969
2018-06-10,72.55742580657204,-172.37820338353063,205.78483626447155,-46.3117943243924,4501.398745474199,5954.698471833426,4464.579345069506,4677.321552009576
2018-06-11,-69.00480883607622,108.29327848321991,112.63361920054761,122.19532074383372,4432.393936638123,6062.991750316645,4577.212964270054,4799.51687275341
2018-06-12,-64.81768942894762,-32.139215141161074,29.878247659553104,158.93744015394603,4367.576247209176,6030.852535175485,4607.091211929607,4958.454312907356
2018-06-13,-117.96128578017175,-47.38685898680337,60.434289620303936,86.5295966376995,4249.614961429003,5983.465676188682,4667.525501549911,5044.983909545056
2018-06-14,-67.02665537896702,-77.86523726070975,41.88659904297488,55.21475484199095,4182.588306050036,5905.6004389279715,4709.4121005928855,5100.198664387047
2018-06-15,-55.50513467327064,214.20873755271975,-1.8204517742800428,108.02840108137943,4127.083171376766,6119.809176480691,4707.591648818606,5208.227065468426
2018-06-16,-46.5157678667272,-82.42616895838219,8.282838198296913,-18.23059426339788,4080.5674035100387,6037.383007522309,4715.874487016903,5189.996471205029
2018-06-17,-147.86618580865513,-135.1032194142915,73.08710046941594,82.55322802215889,3932.701217701384,5902.279788108018,4788.961587486318,5272.549699227187
2018-06-18,79.62166700899803,110.61290009329458,61.13043436722991,58.84080600631209,4012.322884710382,6012.892688201312,4850.092021853548,5331.390505233499
2018-06-19,115.55688039137996,-13.952160711959202,84.71954519326187,136.5007063344968,4127.879765101761,5998.9405274893525,4934.8115670468105,5467.891211567996
2018-06-20,39.535219192599314,-24.737875435309938,29.926321974109715,174.55472210298822,4167.414984294361,5974.202652054043,4964.73788902092,5642.445933670984
2018-06-21,143.20284901107436,-31.879586743163152,29.20973014989156,32.17979891459336,4310.617833305436,5942.32306531088,4993.947619170812,5674.625732585578
2018-06-22,-130.91986140894667,-117.185751311626,33.08203977088447,-20.88972800129673,4179.6979718964885,5825.137313999254,5027.029658941696,5653.7360045842815
2018-06-23,-29.454919299436156,-55.879337858288835,26.744961513932413,-37.544643499100204,4150.243052597052,5769.257976140965,5053.774620455629,5616.191361085181
2018-06-24,39.89734980934114,175.67859849236217,14.358601750488646,-71.77038819938865,4190.140402406394,5944.936574633327,5068.133222206117,5544.420972885792
2018-06-25,-81.66906930930303,-1.253433872913135,-5.3801186791909235,70.62864755649112,4108.471333097091,5943.683140760414,5062.753103526926,5615.049620442283
2018-06-26,55.81963913227293,-121.64057892766903,19.751855966535434,237.14517327892025,4164.290972229363,5822.042561832745,5082.504959493462,5852.1947937212035
2018-06-27,198.05307285276652,18.79998002464508,53.197940364171025,97.823762582186,4362.34404508213,5840.84254185739,5135.7028998576325,5950.01855630339
2018-06-28,85.25595871656158,-136.8376951117854,-25.37980700381831,4.690833613503217,4447.600003798691,5704.0048467456045,5110.323092853814,5954.709389916893
2018-06-29,-18.70587695863154,-45.212044267263245,26.44968416436193,231.31473763477058,4428.89412684006,5658.792802478341,5136.772777018176,6186.024127551664
2018-06-30,-15.773944016375388,35.91258339982401,182.30351024952446,-95.24409674238571,4413.120182823684,5694.7053858781655,5319.0762872677005,6090.780030809277
2018-07-01,-41.15298270709344,15.363484515460954,72.64741438950252,96.35621513050398,4371.967200116592,5710.068870393627,5391.7237016572035,6187.136245939782
2018-07-02,-31.333497238144346,27.028514259856205,-68.77992450974297,-95.10373396345744,4340.633702878447,5737.097384653483,5322.94377714746,6092.032511976325
2018-07-03,-93.59769620733493,198.21018740596475,0.014935546419668296,-107.21097322188504,4247.036006671112,5935.307572059448,5322.95871269388,5984.82153875444
2018-07-04,34.4634414501081,-106.44670992851721,-13.289744638202889,-163.6745872896478,4281.499448121221,5828.86086213093,5309.668968055677,5821.1469514647915
2018-07-05,39.08249098183318,37.06007885812443,153.7508949056716,100.64440526491218,4320.581939103054,5865.9209409890545,5463.419862961348,5921.791356729704
2018-07-06,-178.10973185081178,-78.34980688974919,-171.51130759035087,67.59780039545666,4142.472207252242,5787.571134099306,5291.908555370997,5989.389157125161
2018-07-07,131.35813742251787,-1.8070137803300663,-26.93710687638578,77.73830862654256,4273.8303446747595,5785.764120318976,5264.971448494613,6067.127465751702
2018-07-08,-8.75376271555159,89.7815144115238,-71.12599189233799,-185.81623517633983,4265.076581959208,5875.545634730499,5193.845456602274,5881.311230575363
2018-07-09,202.96587886733448,115.92353852957007,-14.988099994365282,65.2711300051479,4468.042460826542,5991.4691732600695,5178.8573566079085,5946.582360580511
2018-07-10,141.86579834135756,-1.381251581239088,36.2809860745657,-27.256645742070766,4609.9082591679,5990.087921678831,5215.138342682474,5919.32571483844
2018-07-11,-24.661139402325624,137.3447564368515,209.42593320565442,50.732315280007064,4585.247119765574,6127.4326781156815,5424.564275888129,5970.058030118447
2018-07-12,-40.92178980357591,-3.21448552990974,62.61885952677082,1.3268936411532046,4544.325329961998,6124.218192585772,5487.1831354149,5971.3849237596005
2018-07-13,0.7959605257138498,190.9584846954397,25.977890866055326,-7.612206217561577,4545.121290487712,6315.176677281212,5513.161026280955,5963.772717542039
2018-07-14,-22.130574921894468,-1.1938096053886413,-164.27607572199386,162.2838586168825,4522.990715565818,6313.982867675823,5348.8849505589615,6126.056576158921
2018-07-15,-49.17854003402276,-15.56788630258363,-231.85537898579307,-118.68673504210096,4473.812175531795,6298.414981373239,5117.029571573168,6007.369841116821
2018-07-16,0.304288224216836,-76.89901833500276,75.08505019225682,58.80140061918324,4474.116463756012,6221.515963038237,5192.114621765425,6066.171241736003
2018-07-17,48.4348804720012,47.24660045756408,61.05249176279818,13.755218388670793,4522.5513442280135,6268.7625634958,5253.167113528223,6079.926460124674
2018-07-18,166.5266173625698,-27.38306460703616,26.14025939161323,-131.84737307786742,4689.077961590583,6241.379498888765,5279.307372919837,5948.079087046806
2018-07-19,-30.51618982078384,-80.25964389583883,119.4102354387909,4.098800729804586,4658.5617717698,6161.119854992926,5398.717608358627,5952.177887776611
2018-07-20,-139.0802385538348,-236.3699121204986,129.73231538460286,25.421361384020436,4519.481533215964,5924.749942872428,5528.44992374323,5977.599249160632
2018-07-21,-114.57831019657583,-59.39259981858061,-84.45940455504183,157.63886455929662,4404.903223019389,5865.357343053846,5443.990519188188,6135.238113719928
2018-07-22,-11.256339343251518,26.843152523234178,-98.140214627733,30.909408766342427,4393.646883676137,5892.200495577081,5345.850304560456,6166.147522486271
2018-07-23,99.91822940298493,-100.23951794829202,-30.644397083350484,33.64018237405991,4493.565113079122,5791.960977628789,5315.205907477105,6199.78770486033
2018-07-24,-19.648622881836094,22.185009451781365,-45.66475634231566,-62.36116071595281,4473.916490197286,5814.14598708057,5269.541151134789,6137.426544144378
2018-07-25,-11.36489144826482,43.95065406820908,81.98027602120591,-153.6900272043313,4462.551598749021,5858.096641148779,5351.521427155995,5983.736516940046
2018-07-26,84.86133016415458,-72.52282442586825,148.7716393062875,-106.70758152408271,4547.412928913176,5785.573816722911,5500.293066462283,5877.028935415964
2018-07-27,-30.039753492766298,1.57062746492886,58.869313511906284,-108.5632866219912,4517.373175420409,5787.14444418784,5559.162379974189,5768.465648793973
2018-07-28,-20.125893270462903,0.45181650081540625,94.2212984407566,71.5437200426414,4497.247282149947,5787.596260688655,5653.383678414945,5840.009368836614
2018-07-29,-17.37427955972566,8.754455237167736,-50.479296588158704,-90.38392737729957,4479.8730025902205,5796.350715925823,5602.904381826786,5749.625441459315
2018-07-30,-112.29103899369196,-23.63362753183224,169.2440595134646,-32.16337017557318,4367.581963596529,5772.717088393991,5772.148441340251,5717.462071283741
2018-07-31,72.67350005772894,181.35412915844583,1.6648941091361957,-103.119972920787,4440.255463654258,5954.071217552437,5773.8133354493875,5614.342098362955
2018-08-01,7.584599391194927,-28.19672839290424,29.381193191016212,28.631297990513673,4447.840063045453,5925.8744891595325,5803.194528640403,5642.973396353468
2018-08-02,73.56633167662369,2.7524029159951158,-128.13138816421164,54.9743058689378,4521.406394722077,5928.626892075527,5675.063140476192,5697.9477022224055
2018-08-03,214.34592353571267,-41.297774298967354,-85.68186640717238,-49.39030842058364,4735.752318257789,5887.32911777656,5589.38127406902,5648.557393801822
2018-08-04,308.0918910278201,-132.81339935255224,44.96780134564964,61.69971406258894,5043.844209285609,5754.515718424008,5634.34907541467,5710.257107864411
2018-08-05,-47.07633084460872,82.55308572562697,-25.265625910765603,-15.155448799788923,4996.767878441001,5837.068804149635,5609.0834495039035,5695.101659064622
2018-08-06,122.7482328676762,-20.688294467705326,-66.42075164799482,51.91184066928882,5119.516111308677,5816.38050968193,5542.662697855909,5747.013499733911
2018-08-07,-193.4803783824794,-68.45801237487456,-39.34431956995814,-83.49985680605097,4926.035732926197,5747.922497307055,5503.3183782859505,5663.51364292786
2018-08-08,-57.00388767621295,-240.85597186991345,60.103198072977946,-16.801812566042948,4869.031845249984,5507.0665254371415,5563.421576358929,5646.711830361817
2018-08-09,-192.23740135493276,26.16994383169253,-47.98769743606523,-10.227140892526178,4676.794443895052,5533.236469268834,5515.433878922863,5636.484689469291
2018-08-10,-161.3074985402636,22.89228454105796,150.51270461679408,32.712433640958544,4515.486945354788,5556.128753809892,5665.946583539658,5669.19712311025
2018-08-11,268.51791512528195,-135.51463566151668,71.32965926300028,113.71040424520797,4784.00486048007,5420.614118148375,5737.276242802658,5782.907527355457
2018-08-12,202.03831491232927,-34.66506364614336,-46.27530517177639,48.512381484377606,4986.0431753923995,5385.949054502232,5691.000937630882,5831.4199088398345
2018-08-13,-107.9592308216307,-26.694540758556336,-75.39429239851647,-66.18655327754028,4878.083944570769,5359.2545137436755,5615.606645232365,5765.2333555622945
2018-08-14,79.8535129383311,9.77980756550867,48.737036973980636,-29.98401692220189,4957.9374575091,5369.034321309185,5664.343682206346,5735.249338640093
2018-08-15,141.53352407746752,-18.424464238719832,-46.395854049635545,42.66481355371043,5099.470981586567,5350.609857070464,5617.94782815671,5777.914152193804
2018-08-16,61.86493138850132,-15.204356195056926,62.980274369923436,-28.90863765897581,5161.335912975069,5335.405500875408,5680.928102526634,5749.005514534827
2018-08-17,-67.46331702769885,-95.91696465408313,107.04657524485899,64.30749566685598,5093.8725959473695,5239.4885362213245,5787.974677771493,5813.313010201683
2018-08-18,30.94908483506766,6.916746269716277,61.13252711927101,-79.79815337629317,5124.821680782437,5246.40528249104,5849.107204890764,5733.51485682539
2018-08-19,-25.56755520768118,-93.47961910496684,163.9546161823411,-174.33522098548477,5099.2541255747565,5152.925663386074,6013.0618210731045,5559.179635839905
2018-08-20,-11.03477720944431,-47.96681441476734,-168.16534667861754,-146.8807687661919,5088.219348365312,5104.958848971307,5844.896474394487,5412.298867073714
2018-08-21,148.16459240195803,-202.21488396305153,-130.61218892632107,196.77022147160167,5236.383940767269,4902.743965008255,5714.284285468166,5609.069088545315
2018-08-22,175.3462206444467,200.6863375153649,-67.64986714340857,-180.57318152218048,5411.730161411717,5103.43030252362,5646.6344183247575,5428.495907023134
2018-08-23,-118.69726316228875,-22.99023103446219,-20.055935989902267,95.566759753534,5293.0328982494275,5080.440071489158,5626.578482334855,5524.062666776669
2018-08-24,-6.518269304156946,-48.28863099085435,-66.44611691015388,90.9447040144735,5286.5146289452705,5032.151440498304,5560.132365424701,5615.007370791142
2018-08-25,193.29097155604998,-2.973805191760871,2.5475998521288,35.682325406701096,5479.80560050132,5029.1776353065425,5562.6799652768295,5650.689696197844
2018-08-26,-46.998834483815045,-99.79218983113147,99.35790826612948,34.048247786640644,5432.806766017506,4929.385445475411,5662.0378735429595,5684.737943984484
2018-08-27,254.4633915587451,28.660799402611637,-63.6304642048198,-36.5481440797703,5687.270157576251,4958.046244878023,5598.40740933814,5648.189799904714
2018-08-28,-24.937071098249216,181.93379235994607,-106.52322332907171,-115.39267473089154,5662.333086478002,5139.980037237969,5491.884186009068,5532.797125173822
2018-08-29,8.310246048621233,-8.732989244197418,13.356919393111422,-191.96659402425988,5670.6433325266225,5131.247047993771,5505.2411054021795,5340.830531149562
2018-08-30,29.194263693744016,311.0395823673318,49.01491394167981,-30.337257565662167,5699.837596220367,5442.286630361104,5554.256019343859,5310.4932735839
2018-08-31,-159.70398808999974,34.220147756099045,-57.690439858469645,-69.54330489168082,5540.133608130367,5476.506778117202,5496.565579485389,5240.949968692219
2018-09-01,159.27542407807715,111.89209997474143,109.8580684328194,-61.133071665314574,5699.409032208445,5588.3988780919435,5606.423647918209,5179.816897026905
2018-09-02,46.96549895106486,64.73786447628518,17.739245677690636,2.623464797867471,5746.374531159509,5653.136742568229,5624.1628935959,5182.4403618247725
2018-09-03,-60.094638078989995,-25.86320921362547,-103.41941466799757,102.85870532944685,5686.279893080519,5627.273533354603,5520.743478927902,5285.299067154219
2018-09-04,-199.27925490955863,24.174603570329005,-172.64486493078493,59.64975408296481,5487.000638170961,5651.448136924932,5348.098613997117,5344.948821237184
2018-09-05,-110.19799631571121,12.96311531053777,137.1434131851752,-27.903854242879294,5376.802641855249,5664.41125223547,5485.242027182292,5317.044966994305
2018-09-06,29.571766652629954,-134.06822592678097,59.057245298946604,-47.37965521338557,5406.37440850788,5530.343026308689,5544.299272481239,5269.665311780919
2018-09-07,52.13035145718449,-77.80132262034333,-57.884982956587784,55.65690061124864,5458.504759965064,5452.5417036883455,5486.414289524651,5325.322212392168
2018-09-08,82.73515385669243,1.876702614069141,-48.894297538464876,-111.76653103633636,5541.239913821756,5454.418406302415,5437.519991986186,5213.555681355831
2018-09-09,-110.23260951648597,-55.241387750429716,-91.85406969523797,-80.79909613122834,5431.007304305271,5399.177018551985,5345.665922290948,5132.756585224603
2018-09-10,35.66488509657509,132.90995116741993,46.81262185410285,-173.47847805251098,5466.672189401846,5532.086969719405,5392.478544145051,4959.278107172092
2018-09-11,-205.07023465099775,53.27751206482289,-154.62603318044674,-2.740007743668926,5261.601954750848,5585.364481784228,5237.852510964604,4956.538099428423
2018-09-12,162.01258956214397,-32.309142134972475,-73.96578836314576,-126.49063103832836,5423.614544312992,5553.055339649256,5163.886722601459,4830.047468390095
2018-09-13,-12.373732428146141,-68.65267730657963,118.84874353178154,-72.58236166537819,5411.240811884845,5484.402662342676,5282.73546613324,4757.465106724717
2018-09-14,-17.26714264375109,-201.24359420938003,-105.03921092280999,141.66971595552067,5393.973669241094,5283.159068133296,5177.6962552104305,4899.134822680237
2018-09-15,157.98948202245265,-39.50425787694903,-40.14450508924982,-58.572106508004005,5551.963151263547,5243.6548102563465,5137.551750121181,4840.562716172233
2018-09-16,84.30298214301689,-40.85087576899614,-145.70674274146276,37.26126725348002,5636.266133406564,5202.8039344873505,4991.845007379718,4877.823983425714
2018-09-17,167.82271922226508,-62.54544770469669,-50.35649795330931,159.47372485157848,5804.088852628829,5140.2584867826545,4941.488509426408,5037.297708277292
2018-09-18,-73.20420579855555,-62.324147028409996,118.06637054984948,147.07834350498052,5730.884646830274,5077.934339754244,5059.554879976257,5184.376051782272
2018-09-19,-99.42373687988074,-54.94772108534174,-127.52205434647772,113.80394531511287,5631.460909950392,5022.986618668902,4932.03282562978,5298.179997097385
2018-09-20,-153.71165596389957,-169.29722281607525,-71.49423396893786,15.309454738496681,5477.749253986493,4853.689395852827,4860.538591660842,5313.4894518358815
2018-09-21,49.17746289801788,-24.369456585958115,-84.0333724349312,-74.5334198401373,5526.926716884511,4829.319939266869,4776.505219225911,5238.9560319957445
2018-09-22,-73.91465712398461,-68.1203008391832,-28.195642649213582,100.98499837697786,5453.012059760526,4761.199638427686,4748.3095765766975,5339.941030372723
2018-09-23,28.828799223284367,-64.55103237996583,112.26793673205367,-133.097849398676,5481.840858983811,4696.64860604772,4860.577513308751,5206.843180974047
2018-09-24,-74.20469912312433,-57.88320252676079,36.00293920301727,48.90511143347365,5407.636159860686,4638.765403520959,4896.580452511768,5255.74829240752
2018-09-25,-140.39195477669338,-60.08605270277836,270.69382718041084,-126.80159450157306,5267.244205083993,4578.679350818181,5167.274279692179,5128.946697905947
2018-09-26,-223.7524070252845,71.05373945439919,-84.83764540836009,1.6810513701503988,5043.491798058709,4649.73309027258,5082.436634283819,5130.627749276097
2018-09-27,180.61117251270107,-95.19497586150342,126.45180005832782,3.442534877124136,5224.10297057141,4554.538114411077,5208.888434342147,5134.070284153222
2018-09-28,89.47920404825862,-59.194002618821095,-95.72761931094466,168.9059585760434,5313.582174619668,4495.344111792256,5113.160815031202,5302.976242729265
2018-09-29,-61.4485391148202,0.015945364683123162,129.67951183226538,71.99197931982181,5252.133635504848,4495.360057156939,5242.840326863467,5374.968222049087
2018-09-30,-100.218586867429,-43.4749375868236,-123.49116333255196,-87.30912175176469,5151.915048637419,4451.885119570115,5119.349163530916,5287.659100297322
2018-10-01,66.3803646588926,-15.457144494843805,83.79708786171295,-130.89236544883858,5218.295413296311,4436.427975075271,5203.146251392629,5156.766734848484
2018-10-02,86.6398176866528,-89.57728690915617,30.198491106282088,-259.81161829142724,5304.935230982965,4346.850688166115,5233.344742498911,4896.9551165570565
2018-10-03,118.04523070173228,-151.76014070498542,249.52483519111698,-96.19407505683681,5422.980461684697,4195.09054746113,5482.869577690028,4800.761041500219
2018-10-04,69.84518970766815,128.42031543281058,-156.47042939398227,-42.617008223543294,5492.825651392365,4323.510862893941,5326.3991482960455,4758.144033276676
2018-10-05,180.3964610687559,47.30189534329344,-40.82752679415981,-147.69863115533482,5673.222112461121,4370.8127582372335,5285.571621501886,4610.445402121341
2018-10-06,41.22011152729368,30.472048893509392,196.37979435890327,121.13943371613635,5714.442223988414,4401.2848071307435,5481.951415860789,4731.584835837478
2018-10-07,-142.48894245562036,-43.65939818464517,-29.30806837134407,-79.40183305494449,5571.953281532794,4357.625408946098,5452.643347489445,4652.183002782534
2018-10-08,63.56269089487364,99.2308287155423,-37.79784126029131,-27.439077183818807,5635.515972427667,4456.85623766164,5414.845506229153,4624.743925598715
2018-10-09,141.31845982061665,-2.438868307977159,6.170616837866335,-20.507037902796927,5776.834432248284,4454.417369353663,5421.01612306702,4604.236887695917
2018-10-10,-91.46334944780897,-86.0858445994666,-17.20875941040003,29.978323254285822,5685.371082800475,4368.331524754197,5403.80736365662,4634.215210950203
2018-10-11,142.74590194123482,107.1616245963005,7.4008553613856405,83.50436109812993,5828.11698474171,4475.493149350497,5411.208219018005,4717.719572048333
2018-10-12,17.500985914102525,-151.84789163453064,96.95859960335265,-21.074049389751213,5845.617970655813,4323.645257715966,5508.166818621358,4696.645522658582
2018-10-13,106.35567017348882,-57.72128179178757,-120.74846216718886,-10.908251881843368,5951.973640829302,4265.923975924179,5387.418356454169,4685.737270776739
2018-10-14,-145.98395312143916,-114.03602577459213,33.634578351721004,217.75928498099088,5805.989687707863,4151.887950149587,5421.05293480589,4903.49655575773
2018-10-15,-37.143187887630994,-74.69349562896352,-44.50508448451417,-9.454226939884089,5768.846499820232,4077.1944545206234,5376.547850321376,4894.042328817845
2018-10-16,-210.07129032192603,137.4252814798116,60.51865400103706,18.018404170078192,5558.775209498305,4214.619736000434,5437.0665043224135,4912.060732987924
2018-10-17,-226.31203988006217,5.718609148739776,26.944424924219597,-29.287195218935942,5332.463169618243,4220.3383451491745,5464.010929246633,4882.773537768988
2018-10-18,113.7320755245935,16.774321819290545,136.43517519845614,-186.07079297054798,5446.195245142837,4237.112666968465,5600.446104445089,4696.70274479844
2018-10-19,-223.31753910173458,-92.77943599389265,-209.3541528442633,-168.88411885163305,5222.877706041102,4144.333230974573,5391.091951600825,4527.818625946807
2018-10-20,-83.8692808953673,-12.163996026337182,110.05629146048919,30.514172055433882,5139.008425145735,4132.1692349482355,5501.148243061315,4558.33279800224
2018-10-21,66.50070094821781,-79.38474570716457,27.121776915255086,20.806304672926082,5205.509126093953,4052.784489241071,5528.2700199765695,4579.139102675167
2018-10-22,-0.3022907549622118,-92.01680655975063,-0.6458871888154986,129.2331256103608,5205.2068353389905,3960.7676826813204,5527.624132787754,4708.372228285528
2018-10-23,-36.26265761721063,-4.3600696787075055,-93.82824338998911,-39.353946988030486,5168.94417772178,3956.4076130026124,5433.795889397766,4669.018281297497
2018-10-24,-2.0379629544788638,-7.9488277335026645,8.608426401891311,58.92867504638366,5166.906214767301,3948.45878526911,5442.404315799657,4727.946956343881
2018-10-25,-18.945126833738314,65.25892461050464,-43.05130121750154,-20.6735395518775,5147.961087933562,4013.7177098796146,5399.353014582155,4707.273416792003
2018-10-26,-25.374567972936685,61.42304783457065,19.547554866957938,24.634916784529743,5122.586519960626,4075.1407577141854,5418.900569449113,4731.908333576533
2018-10-27,4.1111808397024365,-29.190769997547594,-56.97453966279,27.06902116732544,5126.697700800329,4045.9499877166377,5361.926029786323,4758.977354743858
2018-10-28,27.839660272892413,-11.549892969349157,-133.24810824345292,152.43256032650913,5154.53736107322,4034.4000947472887,5228.6779215428705,4911.409915070368
2018-10-29,160.28391636853348,-92.47652244632006,-193.65783538750648,32.797138383393545,5314.821277441754,3941.9235723009688,5035.020086155364,4944.207053453761
2018-10-30,50.20480686391062,103.18501835957774,-2.199041786410171,-70.92783450189246,5365.026084305665,4045.1085906605463,5032.821044368953,4873.279218951869
2018-10-31,135.65884818780495,9.448295000969797,-205.49118533590232,104.04247476193372,5500.68493249347,4054.556885661516,4827.329859033051,4977.321693713802
2018-11-01,1.0199384826422433,3.0670261306421347,-5.3085963794322195,-42.881637861345666,5501.704870976112,4057.623911792158,4822.021262653619,4934.440055852457
2018-11-02,-337.5063887299734,-232.3737233970323,-168.1966447444371,-53.225836322500996,5164.198482246139,3825.250188395126,4653.824617909182,4881.214219529956
2018-11-03,43.571032961706884,7.896116618873804,-88.84166112390918,92.01704936315103,5207.769515207846,3833.1463050139996,4564.982956785273,4973.231268893107
2018-11-04,34.395588455187976,-9.481561786778018,-68.26859930621494,135.90090097683571,5242.165103663034,3823.6647432272216,4496.714357479058,5109.132169869942
2018-11-05,70.22160709885794,95.4735712862564,-123.35684817052488,-28.126351937966014,5312.386710761892,3919.138314513478,4373.357509308533,5081.005817931977
2018-11-06,24.757526076878655,-49.80922409447444,18.62564223030522,-86.61770540598897,5337.144236838771,3869.3290904190035,4391.983151538838,4994.388112525988
2018-11-07,48.47087886761424,-60.783294289840626,-11.3739305146788,102.14461408181283,5385.615115706384,3808.545796129163,4380.6092210241595,5096.5327266078
2018-11-08,31.190684100802795,94.82000086584613,-47.867630969178734,6.094901606323738,5416.805799807187,3903.365796995009,4332.74159005498,5102.627628214124
2018-11-09,-52.33177220973019,-87.23679417844946,61.015830631095334,208.07847965510703,5364.474027597457,3816.1290028165595,4393.757420686075,5310.706107869231
2018-11-10,-132.07276613770676,20.963533218251747,7.664302864393664,-18.984220107945006,5232.4012614597505,3837.0925360348115,4401.421723550469,5291.721887761286
2018-11-11,-96.17100375274302,-152.98270951775905,41.17617641953094,-113.14673977094105,5136.230257707008,3684.109826517052,4442.59789997,5178.575147990345
2018-11-12,36.10310456891118,-124.07718799853144,-85.07720753525312,162.78430966271165,5172.333362275918,3560.032638518521,4357.520692434748,5341.359457653057
2018-11-13,-75.06629792815703,137.03355228553067,-84.76495804290496,-220.76223714989243,5097.267064347761,3697.066190804052,4272.755734391842,5120.597220503164
2018-11-14,-112.45951584969059,167.4780260366426,-30.715476057335202,7.920889761785223,4984.807548498071,3864.5442168406944,4242.040258334508,5128.518110264949
2018-11-15,77.27964619378275,-16.659579236360003,-219.6945733703711,158.3827854028792,5062.087194691853,3847.8846376043343,4022.345684964136,5286.900895667828
2018-11-16,17.762139860087363,73.30914963145051,-59.497058449140994,-103.5561943521112,5079.849334551941,3921.193787235785,3962.848626514995,5183.344701315717
2018-11-17,36.31432311460176,-52.79736408131084,67.22645114558478,-42.20413642624643,5116.163657666542,3868.396423154474,4030.0750776605796,5141.140564889471
2018-11-18,42.82066750593313,-66.16308595185234,129.46142717098533,145.29445463557445,5158.984325172476,3802.2333372026214,4159.536504831565,5286.435019525045
2018-11-19,-42.44068210239981,75.12822224247793,46.27358009276769,-114.74212837273254,5116.543643070076,3877.3615594450994,4205.810084924333,5171.692891152313
2018-11-20,-107.20041577419954,60.716442207193566,2.4881849295484546,87.84811578568214,5009.343227295876,3938.078001652293,4208.298269853881,5259.541006937995
2018-11-21,163.982464094152,-18.744837168191207,30.98753215544585,-73.82735172755213,5173.325691390029,3919.333164484102,4239.285802009327,5185.713655210443
2018-11-22,-48.59966340036908,67.4373856615715,46.81720842806038,-112.13761983262964,5124.726027989659,3986.7705501456735,4286.103010437388,5073.576035377813
2018-11-23,49.323393173784964,-148.54061833861067,-207.9832288973972,223.79754740604562,5174.049421163444,3838.2299318070627,4078.11978153999,5297.373582783859
2018-11-24,-134.41902458146367,-85.2037820861654,-86.23468676202256,51.04636098423345,5039.630396581981,3753.0261497208976,3991.8850947779674,5348.419943768093
2018-11-25,-133.6260897865294,106.96627112420474,58.99542059975534,59.16126233609258,4906.004306795451,3859.992420845102,4050.880515377723,5407.581206104185
2018-11-26,102.68365161488498,61.54273708187469,49.03970498554188,12.05108723287979,5008.687958410336,3921.535157926977,4099.920220363265,5419.632293337065
2018-11-27,33.16944539333508,-59.320869160310366,-216.59882258072054,-27.549847720794574,5041.857403803671,3862.2142887666664,3883.3213977825444,5392.08244561627
2018-11-28,8.837979731440452,142.90695891600063,58.36582238381097,-49.935853619349786,5050.695383535111,4005.1212476826668,3941.6872201663555,5342.1465919969205
2018-11-29,5.302989218642827,36.50257445281711,-10.089060341705597,94.32570457007016,5055.998372753755,4041.6238221354843,3931.59815982465,5436.472296566991
2018-11-30,88.19338242127596,-36.0546405705736,73.32162245021118,-28.342559009597352,5144.19175517503,4005.5691815649107,4004.919782274861,5408.129737557393
2018-12-01,141.22796669792154,26.0638929740068,-7.541905975933968,-254.86003254458777,5285.419721872952,4031.6330745389173,3997.377876298927,5153.269705012805
2018-12-02,20.828656995396457,5.695041819613957,41.24551109614209,31.676999961518394,5306.2483788683485,4037.328116358531,4038.623387395069,5184.946704974323
2018-12-03,-45.82510515430022,-30.506419452468236,13.616188626487927,-128.5870737991398,5260.423273714048,4006.821696906063,4052.239576021557,5056.359631175184
2018-12-04,97.02143518426755,-64.791782329644,-1.4027369970793466,19.288646597421348,5357.444708898316,3942.0299145764193,4050.8368390244777,5075.648277772605
2018-12-05,54.19172963076073,10.661066121882143,-128.18031180471982,45.276764994769245,5411.636438529076,3952.6909806983012,3922.6565272197577,5120.925042767374
2018-12-06,-71.80234253863944,-72.79459098327959,-5.304316912277314,48.30888890428312,5339.834095990437,3879.8963897150215,3917.3522103074806,5169.233931671658
2018-12-07,-89.68386988665122,27.246711552327852,127.46760553138219,24.249884050063383,5250.150226103786,3907.1431012673493,4044.8198158388627,5193.483815721721
2018-12-08,75.8451792763208,195.90077020129593,-74.21574433865655,-190.3596338840539,5325.995405380107,4103.043871468645,3970.6040715002064,5003.1241818376675
2018-12-09,-65.1494100751235,-14.250560638926183,-184.04246584584715,-62.70367813805859,5260.845995304983,4088.7933108297193,3786.5616056543595,4940.420503699608
2018-12-10,89.41461478527609,-7.965304197470539,-19.00417588478778,34.963603086561,5350.260610090259,4080.8280066322486,3767.557429769571,4975.3841067861695
2018-12-11,51.56859406737493,-38.40093378057785,-119.31404126950238,-168.23586173569612,5401.829204157634,4042.427072851671,3648.243388500069,4807.148245050474
2018-12-12,92.50800097789005,-79.84709144316083,110.50510543205851,117.33740207141514,5494.3372051355245,3962.57998140851,3758.7484939321275,4924.485647121888
2018-12-13,20.909178789613854,-91.98341962171152,93.53855792145997,99.36392372810255,5515.246383925138,3870.5965617867982,3852.2870518535874,5023.849570849991
2018-12-14,-89.63281848904975,-21.730325926265355,40.80971001497821,-97.84593712867334,5425.613565436089,3848.866235860533,3893.0967618685654,4926.003633721318
2018-12-15,99.70509536263759,-108.61224379288382,141.4791249526452,-44.90183008072772,5525.318660798726,3740.253992067649,4034.5758868212106,4881.10180364059
2018-12-16,76.42827675285704,-63.67701216668779,69.01259954203502,-179.0066002379178,5601.746937551583,3676.5769799009613,4103.5884863632455,4702.095203402672
2018-12-17,-163.66896535339782,-72.46529207842212,39.97867695013831,-134.7082280688878,5438.077972198185,3604.1116878225394,4143.567163313384,4567.386975333784
2018-12-18,72.7365086806356,-34.36618615651138,-67.56972514899263,-75.70094795832547,5510.814480878821,3569.745501666028,4075.9974381643915,4491.686027375459
2018-12-19,86.4885235891214,65.22697095270364,-36.94168386998828,-57.67983852938229,5597.303004467943,3634.9724726187314,4039.0557542944034,4434.006188846077
2018-12-20,-62.62301778285321,24.18033560442415,10.070562861734771,17.784286011324653,5534.679986685089,3659.1528082231553,4049.1263171561377,4451.790474857401
2018-12-21,72.28617220823239,-18.63157652696427,-36.088822691605934,-88.01990211934746,5606.966158893321,3640.5212316961915,4013.037494464532,4363.770572738054
2018-12-22,187.59211574416074,-58.97787190284394,-243.71839485962096,-47.96127318739197,5794.558274637482,3581.5433597933475,3769.319099604911,4315.809299550662
2018-12-23,-89.84756969015292,-24.48435171480664,-3.4388830749878863,-15.516917699501414,5704.710704947329,3557.0590080785405,3765.880216529923,4300.292381851161
2018-12-24,-46.68860220141479,32.722126394881364,93.58323191386803,-166.0589839040333,5658.022102745915,3589.781134473422,3859.463448443791,4134.233397947128
2018-12-25,-171.15714642888062,184.20160815358688,-221.39207790916214,-16.12216586885088,5486.864956317034,3773.982742627009,3638.0713705346293,4118.111232078277
2018-12-26,-46.341169866506526,51.424378187683025,-133.98231443510062,-26.2715562652939,5440.523786450527,3825.407120814692,3504.0890560995285,4091.8396758129825
2018-12-27,134.3554468383229,23.927306435530394,72.8438342357687,-25.143477031100197,5574.87923328885,3849.3344272502227,3576.9328903352975,4066.6961987818822
2018-12-28,-19.581448352031714,-26.139031811067483,-44.995542226440755,-12.991143753038145,5555.297784936818,3823.1953954391547,3531.937348108857,4053.705055028844
2018-12-29,53.401448735063305,109.55981739206766,-13.189198113463817,-13.69008756250103,5608.699233671882,3932.7552128312227,3518.748149995393,4040.014967466343
2018-12-30,140.21042902013488,8.127633178638263,-104.56637755297633,74.97665182569625,5748.909662692016,3940.882846009861,3414.181772442417,4114.991619292039
2018-12-31,-3.9299804715032893,155.77807464432857,71.06006172089818,50.43492732252749,5744.9796822205135,4096.66092065419,3485.2418341633147,4165.426546614567
